number,cohort,state,base,head,head_repo,head_sha,author,title,url,disposition_category,port_first_action
"1050","interface-wallet-target","MERGED","interface-wallet","account-interface","yyforyongyu/btcwallet","24a1bed0dbba727d00876c25f7c20e57365fb2fb","yyforyongyu","wallet: add `AccountManager` interface","https://github.com/btcsuite/btcwallet/pull/1050","public-refactor","defer-post-port"
"1052","interface-wallet-target","MERGED","interface-wallet","address-interface","yyforyongyu/btcwallet","afdbbd9666ed4b22c4f2d67fcb570ff543a2bae2","yyforyongyu"," wallet: add `AddressManager` interface","https://github.com/btcsuite/btcwallet/pull/1052","public-refactor","defer-post-port"
"1059","interface-wallet-target","MERGED","interface-wallet","utxo-interface","yyforyongyu/btcwallet","ae0739386622afb35ba2cbf689b72d62d5cd37d1","yyforyongyu"," wallet: add `UtxoManager` interface","https://github.com/btcsuite/btcwallet/pull/1059","public-refactor","defer-post-port"
"1068","interface-wallet-target","MERGED","interface-wallet","benchmarkAccountsAPI","mohamedawnallah/btcwallet","fee7a9b26aeeb9eda0c680899968106a48201517","mohamedawnallah","[1/8][AccountManager] wallet: benchmark `Accounts` (deprecated) vs. `ListAccountsByScope` (replacement) API","https://github.com/btcsuite/btcwallet/pull/1068","test-tooling","salvage-selectively"
"1069","interface-wallet-target","MERGED","interface-wallet","benchmarkListAccountsAPI","mohamedawnallah/btcwallet","a9b3284f7577b909ba9d83327bf2a1a7d4188be5","mohamedawnallah","[2/8][AccountManager]: benchmark `ListAccounts` API against deprecated `Accounts` wrapper API","https://github.com/btcsuite/btcwallet/pull/1069","test-tooling","salvage-selectively"
"1070","interface-wallet-target","CLOSED","interface-wallet","benchmarkListAccountsByNameAPI","mohamedawnallah/btcwallet","b09f8e5fe4724031562f03bb04fdfcb013b61235","mohamedawnallah","[3/8][AccountManager]: benchmark `ListAccountsByName` API against deprecated `Accounts` wrapper API","https://github.com/btcsuite/btcwallet/pull/1070","test-tooling","salvage-selectively"
"1071","interface-wallet-target","CLOSED","interface-wallet","benchmarkNewAccountAPI","mohamedawnallah/btcwallet","b1e2e1546bb9a42a19eb5ae59324e52baab1d707","mohamedawnallah","[4/8][AccountManager]: benchmark `NewAccount` API against deprecated `NextAccount` API","https://github.com/btcsuite/btcwallet/pull/1071","test-tooling","salvage-selectively"
"1072","interface-wallet-target","CLOSED","interface-wallet","benchmarkGetAccountAPI","mohamedawnallah/btcwallet","386aa0db29e9fdacf275a1fdc09651a1f55016ec","mohamedawnallah","[5/8][AccountManager]: benchmark `GetAccount` API against deprecated `Accounts` wrapper API","https://github.com/btcsuite/btcwallet/pull/1072","test-tooling","salvage-selectively"
"1073","interface-wallet-target","CLOSED","interface-wallet","benchmarkRenameAccountAPI","mohamedawnallah/btcwallet","1f6363bb7cef31aa04b3527e604abbf22485dfdb","mohamedawnallah","[6/8][AccountManager]: benchmark `RenameAccount` API against deprecated `RenameAccountDeprecated` API","https://github.com/btcsuite/btcwallet/pull/1073","test-tooling","salvage-selectively"
"1074","interface-wallet-target","CLOSED","interface-wallet","benchmarkBalanceAPI","mohamedawnallah/btcwallet","39b54c8f2a98c63ac18b3a9a7461cbdcf42807b3","mohamedawnallah","[7/8][AccountManager]: benchmark `Balance` API against deprecated `Accounts` wrapper API","https://github.com/btcsuite/btcwallet/pull/1074","test-tooling","salvage-selectively"
"1075","interface-wallet-target","MERGED","interface-wallet","benchmarkImportAccountAPI","mohamedawnallah/btcwallet","e6cf8f3a858d1577e7b9ccefe74927c2651ee9e5","mohamedawnallah","wallet: Benchmark `AccountManager` interface refactor","https://github.com/btcsuite/btcwallet/pull/1075","test-tooling","salvage-selectively"
"1076","interface-wallet-target","MERGED","interface-wallet","txpublisher-interface","yyforyongyu/btcwallet","3c66ae52b9ce1cdd188e286d3dc64e977c7acae1","yyforyongyu"," wallet: add `TxPublisher` and `TxCreator` interfaces","https://github.com/btcsuite/btcwallet/pull/1076","public-refactor","defer-post-port"
"1084","interface-wallet-target","MERGED","interface-wallet","fix-linter-errors","yyforyongyu/btcwallet","e6c952f62d5953322f7779db3a0d04505e2effa0","yyforyongyu","multi: fix linter errors from account manager interface","https://github.com/btcsuite/btcwallet/pull/1084","test-tooling","salvage-selectively"
"1085","interface-wallet-target","MERGED","interface-wallet","benchmark-address-manager-refactor","mohamedawnallah/btcwallet","715245d3e65149889cfa05a97f95a4b872e5512a","mohamedawnallah","wallet: Benchmark `AddressManager` interface refactor","https://github.com/btcsuite/btcwallet/pull/1085","test-tooling","salvage-selectively"
"1091","interface-wallet-target","MERGED","interface-wallet","txreader-interface","yyforyongyu/btcwallet","071e0fd3167ec71808d929510738a3a6d7b46d4a","yyforyongyu"," wallet: add `TxReader` and `TxWriter` interfaces","https://github.com/btcsuite/btcwallet/pull/1091","public-refactor","defer-post-port"
"1092","interface-wallet-target","MERGED","interface-wallet","signer-interface","yyforyongyu/btcwallet","ff386bdfca717f8cb2115c166eae80ae62514e93","yyforyongyu","wallet: add `Signer` interface","https://github.com/btcsuite/btcwallet/pull/1092","public-refactor","defer-post-port"
"1095","interface-wallet-target","CLOSED","interface-wallet","tests/unit/AddressManager","GustavoStingelin/btcwallet","5af043acfd2e02788a5df0cdc831d3ca9bcdd480","GustavoStingelin","wallet: test AddressManager against old API","https://github.com/btcsuite/btcwallet/pull/1095","test-tooling","salvage-selectively"
"1100","interface-wallet-target","MERGED","interface-wallet","benchmark-utxo-interface-refactor","mohamedawnallah/btcwallet","7e1e3e50bacaa6754fbf1814abb8567d714ce106","mohamedawnallah","wallet: Benchmark `UtxoManager` interface refactor","https://github.com/btcsuite/btcwallet/pull/1100","test-tooling","salvage-selectively"
"1108","interface-wallet-target","MERGED","interface-wallet","benchmark-tx-publisher-creator-interface-refactors","mohamedawnallah/btcwallet","5a2880b106f1eaeda92df03ac5b265a9442cb172","mohamedawnallah","wallet: Benchmark `TxPublisher` and `TxCreator` interface refactors","https://github.com/btcsuite/btcwallet/pull/1108","test-tooling","salvage-selectively"
"1110","interface-wallet-target","OPEN","interface-wallet","sql-wallet","btcsuite/btcwallet","7e1ac7570d099e8985aec00d77ee3383c0a1cadb","yyforyongyu"," [draft]: Introduce SQL schema for wallet","https://github.com/btcsuite/btcwallet/pull/1110","superseded-work","source-only"
"1118","interface-wallet-target","MERGED","interface-wallet","benchmark-tx-reader-writer-interface","mohamedawnallah/btcwallet","7400e8ca6778ea512aef3b7c2b0d1be341deb683","mohamedawnallah","wallet: Benchmark `TxReader` and `TxWriter` interface refactors","https://github.com/btcsuite/btcwallet/pull/1118","test-tooling","salvage-selectively"
"1126","interface-wallet-target","MERGED","interface-wallet","benchmark-signer-interface","mohamedawnallah/btcwallet","b6829be994aaa62b6c976cbfd8e86cefbcd1bc18","mohamedawnallah","Benchmark signer interface","https://github.com/btcsuite/btcwallet/pull/1126","test-tooling","salvage-selectively"
"1127","interface-wallet-target","MERGED","interface-wallet","fix-unit-pkg","yyforyongyu/btcwallet","991a10c45fd77206acc1b8a6594df36f8aa52412","yyforyongyu","unit+wallet: add missing units and base units","https://github.com/btcsuite/btcwallet/pull/1127","test-tooling","salvage-selectively"
"1128","interface-wallet-target","MERGED","interface-wallet","psbt-1","yyforyongyu/btcwallet","543db229181765850afd66167a438c3902fdec65","yyforyongyu","wallet: add `PsbtManager` interface","https://github.com/btcsuite/btcwallet/pull/1128","public-refactor","defer-post-port"
"1129","interface-wallet-target","MERGED","interface-wallet","psbt-2","yyforyongyu/btcwallet","fda3db059988b3597869189fd8fdb42c9fd75b5f","yyforyongyu","wallet: implement `SignPsbt`","https://github.com/btcsuite/btcwallet/pull/1129","public-refactor","defer-post-port"
"1130","interface-wallet-target","MERGED","interface-wallet","psbt-interface","yyforyongyu/btcwallet","6382f26b9ebecc7788517ac2432b511859f3fec4","yyforyongyu","wallet: finalize `PsbtManager` implementation","https://github.com/btcsuite/btcwallet/pull/1130","public-refactor","defer-post-port"
"1137","interface-wallet-target","MERGED","interface-wallet","prep-controller","yyforyongyu/btcwallet","2eee3b64530105bc92813b4538eb2982c12076ca","yyforyongyu","Add helper methods for `WalletController`","https://github.com/btcsuite/btcwallet/pull/1137","runtime-rewrite","defer-post-port"
"1144","interface-wallet-target","MERGED","interface-wallet","controller-chain","yyforyongyu/btcwallet","6f5ca6fad1a5f45739fcb4370c477c4e73e753d8","yyforyongyu","Add RPC methods for `WalletController`","https://github.com/btcsuite/btcwallet/pull/1144","runtime-rewrite","defer-post-port"
"1145","interface-wallet-target","MERGED","interface-wallet","controller-cleanup","yyforyongyu/btcwallet","902d5e87b715c8281fe2129fc78d2f8ba603ccde","yyforyongyu","Clean up deprecated code for upcoming db impl","https://github.com/btcsuite/btcwallet/pull/1145","runtime-rewrite","defer-post-port"
"1146","interface-wallet-target","CLOSED","interface-wallet","controller-fix","yyforyongyu/btcwallet","92473f603edd5e398aa65cedca8d0f0ccfb0bb6a","yyforyongyu","Prepare upcoming `Controller`","https://github.com/btcsuite/btcwallet/pull/1146","runtime-rewrite","defer-post-port"
"1148","interface-wallet-target","MERGED","interface-wallet","controller-1-intro","yyforyongyu/btcwallet","17f455976a0783ff2eb41408e3f1b4da82b1ca54","yyforyongyu","Add docs and `Controller` interface","https://github.com/btcsuite/btcwallet/pull/1148","runtime-rewrite","defer-post-port"
"1152","interface-wallet-target","MERGED","interface-wallet","controller-fix","btcsuite/btcwallet","562c06e124a2ce47653d16be28ff6f51a78aa43b","yyforyongyu"," Prepare upcoming `Controller`","https://github.com/btcsuite/btcwallet/pull/1152","runtime-rewrite","defer-post-port"
"1155","interface-wallet-target","MERGED","interface-wallet","controller-2-recovery","btcsuite/btcwallet","b994bff55158ebed0ebf1af1469793105017dcdb","yyforyongyu","Separate DB operations from rescan logic","https://github.com/btcsuite/btcwallet/pull/1155","runtime-rewrite","defer-post-port"
"1156","interface-wallet-target","MERGED","interface-wallet","controller-3-methods","btcsuite/btcwallet","e406743bb05166c4f8478ae50c6ab642187ffeb1","yyforyongyu","Use new db methods in wallet controller","https://github.com/btcsuite/btcwallet/pull/1156","runtime-rewrite","defer-post-port"
"1157","interface-wallet-target","MERGED","interface-wallet","controller-4-syncer","btcsuite/btcwallet","0d7fc072054544d1f30b47696e61c4649d06292f","yyforyongyu","Use new db methods in wallet syncer","https://github.com/btcsuite/btcwallet/pull/1157","runtime-rewrite","defer-post-port"
"1159","interface-wallet-target","MERGED","interface-wallet","controller-5-tests","yyforyongyu/btcwallet","62ce6c897e668a4eba9b4610d0f1933af15d9ab1","yyforyongyu","Controller: patch more unit tests to increase the coverage rate","https://github.com/btcsuite/btcwallet/pull/1159","runtime-rewrite","defer-post-port"
"1160","interface-wallet-target","MERGED","interface-wallet","controller-6-cleanup","btcsuite/btcwallet","a8f3e2612ac6ac2928891f8a10c8aef1ba0df028","yyforyongyu","Cleanup deprecated code post `Controller` implementation","https://github.com/btcsuite/btcwallet/pull/1160","runtime-rewrite","defer-post-port"
"1161","interface-wallet-target","MERGED","interface-wallet","controller-7-final","yyforyongyu/btcwallet","a359ec7ebf53744988a02bfb875267508c91b10c","yyforyongyu","Finalize wallet creation via `Manager`","https://github.com/btcsuite/btcwallet/pull/1161","runtime-rewrite","defer-post-port"
"1164","interface-wallet-target","MERGED","interface-wallet","controller-bench","yyforyongyu/btcwallet","d3ff891dc18043c39536115981b1c6d8cc90ee07","yyforyongyu","Add benchmark for `Controller`","https://github.com/btcsuite/btcwallet/pull/1164","runtime-rewrite","defer-post-port"
"1051","sql-wallet-target","CLOSED","sql-wallet","feat/SQLization/add-db-schemas","GustavoStingelin/btcwallet","a1835d238c51b1cb5a85af9c6b2581625b7557f9","GustavoStingelin","design doc: waddrmgr: add sql schema doc for reference","https://github.com/btcsuite/btcwallet/pull/1051","sql-foundation","salvage-now"
"1065","sql-wallet-target","MERGED","sql-wallet","feat/SQLization/add-sqlc","GustavoStingelin/btcwallet","8b399ed141aba36d2f73140c1b282770312a7f34","GustavoStingelin","multi: add sqlc support","https://github.com/btcsuite/btcwallet/pull/1065","sql-foundation","salvage-now"
"1096","sql-wallet-target","CLOSED","sql-wallet","wallet-txs-sql-schema","mohamedawnallah/btcwallet","25c7b28c4e75716238902c82199fc040e4b2bd0a","mohamedawnallah","wtxmgr: design transactions manager SQL schema","https://github.com/btcsuite/btcwallet/pull/1096","sql-foundation","salvage-now"
"1099","sql-wallet-target","CLOSED","sql-wallet","sqldb/unified-migrations-view","GustavoStingelin/btcwallet","82e96dfa900f45fa59ecdb1066a292b42d3a4cd6","GustavoStingelin","multi: add script to merge SQL migrations into consolidated schemas","https://github.com/btcsuite/btcwallet/pull/1099","test-tooling","salvage-selectively"
"1101","sql-wallet-target","MERGED","sql-wallet","sqlize-blocks-dimension-table","mohamedawnallah/btcwallet","8aa6285d545014754a12a69aefc6d209465f5dcd","mohamedawnallah","Add blocks table structure to unblock address manager sqlization","https://github.com/btcsuite/btcwallet/pull/1101","sql-foundation","salvage-now"
"1111","sql-wallet-target","MERGED","sql-wallet","store-interface","yyforyongyu/btcwallet","2c7f7a1737305510f253724d3335735c7d57757a","yyforyongyu","wallet: introduce db layer interfaces","https://github.com/btcsuite/btcwallet/pull/1111","sql-foundation","salvage-now"
"1115","sql-wallet-target","MERGED","sql-wallet","sqldb/move-to-wallet-db","GustavoStingelin/btcwallet","8eade9119ab768f99954961666eaf1977685eee4","GustavoStingelin","wallet+Makefile: move sql db to wallet/internal","https://github.com/btcsuite/btcwallet/pull/1115","sql-foundation","salvage-now"
"1121","sql-wallet-target","MERGED","sql-wallet","sql-dbs-test-equivalence","mohamedawnallah/btcwallet","622ae45811eb8cbfb803eba2f4900314077636b4","mohamedawnallah","wallet: integrate `sqlfluff` metadev helpers","https://github.com/btcsuite/btcwallet/pull/1121","test-tooling","salvage-selectively"
"1125","sql-wallet-target","MERGED","sql-wallet","sqldb/add-wallet","GustavoStingelin/btcwallet","7b089c1eadf841516fd155e60532ae4b50a049fc","GustavoStingelin","wallet: implement WalletStore interface across PG and SQLite","https://github.com/btcsuite/btcwallet/pull/1125","sql-foundation","salvage-now"
"1131","sql-wallet-target","MERGED","sql-wallet","sqldb/refact-wallet-store-interface","GustavoStingelin/btcwallet","629cb474ab18ed40ada4972bb7996ee9a8031534","GustavoStingelin","wallet: refactor WalletStore interface and add common errors","https://github.com/btcsuite/btcwallet/pull/1131","sql-foundation","salvage-now"
"1132","sql-wallet-target","MERGED","sql-wallet","sqldb/add-store-commons","GustavoStingelin/btcwallet","d8f6592ae9a81c736cbb2aaa202a0778bfcb2753","GustavoStingelin","wallet: add store db constructors and safe-casting","https://github.com/btcsuite/btcwallet/pull/1132","sql-foundation","salvage-now"
"1134","sql-wallet-target","MERGED","sql-wallet","sqlize-blocks","mohamedawnallah/btcwallet","06691671a6e92de34dadc0e1370c4362c226edda","mohamedawnallah","[1/5] wallet: SQLize blocks table","https://github.com/btcsuite/btcwallet/pull/1134","sql-foundation","salvage-now"
"1135","sql-wallet-target","CLOSED","sql-wallet","sqlize-transactions","mohamedawnallah/btcwallet","35e274c7deb318282b2242abf558defa610b175b","mohamedawnallah","[2/5] wallet: SQLize transactions table","https://github.com/btcsuite/btcwallet/pull/1135","sql-foundation","salvage-now"
"1136","sql-wallet-target","MERGED","sql-wallet","sqldb/add-itest","GustavoStingelin/btcwallet","a18657b21319ef74c6ba59232b967ef94a173d26","GustavoStingelin","wallet: add sqldb itest","https://github.com/btcsuite/btcwallet/pull/1136","test-tooling","salvage-selectively"
"1138","sql-wallet-target","MERGED","sql-wallet","sqldb/add-addr-types","GustavoStingelin/btcwallet","25013c9d653533aa62f6e15042d4ed26531da864","GustavoStingelin","wallet: Implement address type store support","https://github.com/btcsuite/btcwallet/pull/1138","sql-foundation","salvage-now"
"1139","sql-wallet-target","MERGED","sql-wallet","sqldb/chore-wallet","GustavoStingelin/btcwallet","d9f0dfd080acbc71e1ea1c5e8bac87ee7367caee","GustavoStingelin","wallet: rename wallet sync table birthday to birthday_timestamp","https://github.com/btcsuite/btcwallet/pull/1139","sql-foundation","salvage-now"
"1141","sql-wallet-target","MERGED","sql-wallet","sqldb/fix-itest-pg","GustavoStingelin/btcwallet","85326cf6c6bb0dec06952fc1d7a69986624b0dcf","GustavoStingelin","wallet: fix pg itest ""too many clients""","https://github.com/btcsuite/btcwallet/pull/1141","test-tooling","salvage-selectively"
"1142","sql-wallet-target","MERGED","sql-wallet","sqldb/add-key-scope","GustavoStingelin/btcwallet","f6d9081c2d242eb2cc8203229ce1f4db2bbde1a5","GustavoStingelin","wallet: add key scope SQL migrations and queries","https://github.com/btcsuite/btcwallet/pull/1142","sql-foundation","salvage-now"
"1143","sql-wallet-target","MERGED","sql-wallet","sqldb/add-more-addr-types","GustavoStingelin/btcwallet","f3dbd33a8486405e07be1dc589937486fb8d5615","GustavoStingelin","wallet: add P2A and P2PK address types","https://github.com/btcsuite/btcwallet/pull/1143","sql-foundation","salvage-now"
"1147","sql-wallet-target","MERGED","sql-wallet","sqldb/add-accounts","GustavoStingelin/btcwallet","af9fb074e2c7fb9985914410c4e2765434a244da","GustavoStingelin","wallet: add AccountStore implementation","https://github.com/btcsuite/btcwallet/pull/1147","sql-foundation","salvage-now"
"1154","sql-wallet-target","OPEN","sql-wallet","docs/sqlc-scripts-documentation","EricGrill/btcwallet","78caa4d8b849e78a88f821883790afbe02929119","EricGrill","docs: add sqlc scripts documentation for developers","https://github.com/btcsuite/btcwallet/pull/1154","test-tooling","salvage-selectively"
"1158","sql-wallet-target","MERGED","sql-wallet","sqldb/add-itest-coverage","GustavoStingelin/btcwallet","bf55cd19c02337cd17c539619a45ec18c7567488","GustavoStingelin","multi: add coveralls for database integration tests","https://github.com/btcsuite/btcwallet/pull/1158","test-tooling","salvage-selectively"
"1162","sql-wallet-target","MERGED","sql-wallet","sqldb/add-addresses","GustavoStingelin/btcwallet","1a85fc7284520811f704154045b658d3c2e0933e","GustavoStingelin","wallet: implement AddressStore","https://github.com/btcsuite/btcwallet/pull/1162","sql-foundation","salvage-now"
"1165","sql-wallet-target","MERGED","sql-wallet","sql-tx-adr","yyforyongyu/btcwallet","4ae109927fae8922fb3e63cd0d77adf09276697c","yyforyongyu","Add design docs for transaction table schema","https://github.com/btcsuite/btcwallet/pull/1165","sql-foundation","salvage-now"
"1166","sql-wallet-target","MERGED","sql-wallet","sqldb/adr-cryptostore","GustavoStingelin/btcwallet","b36bf902ea3d99a87ca7fb769089cc26fb1a8e0a","GustavoStingelin","docs: add keyvault ADR","https://github.com/btcsuite/btcwallet/pull/1166","key-vault-signing-rewrite","defer-post-port"
"1168","sql-wallet-target","MERGED","sql-wallet","kvdb-utxo-0-init-store-v3","yyforyongyu/btcwallet","df4713fff724cddcaa575580edddef79d4cc866e","yyforyongyu","kvdb: start implementing `Store` interface","https://github.com/btcsuite/btcwallet/pull/1168","reusable-semantic-fix","salvage-after-parity-review"
"1169","sql-wallet-target","MERGED","sql-wallet","sqldb/fix-config-files","GustavoStingelin/btcwallet","b106ac3f22079dff86ae643e666dfbe70fa3c6fc","GustavoStingelin","multi: move tools config files back to root","https://github.com/btcsuite/btcwallet/pull/1169","test-tooling","salvage-selectively"
"1170","sql-wallet-target","MERGED","sql-wallet","sqldb/adr-single-passphrase-encryption","GustavoStingelin/btcwallet","7cd3a00a7037890908bb9623b6d9067dc36c2f98","GustavoStingelin","docs+README: add Single-Passphrase Encryption Model ADR","https://github.com/btcsuite/btcwallet/pull/1170","key-vault-signing-rewrite","defer-post-port"
"1171","sql-wallet-target","MERGED","sql-wallet","sqldb/adr-xchacha20","GustavoStingelin/btcwallet","796bd5fd85d1c4d826e3f7a5f8446c8ca2e73801","GustavoStingelin","docs: add XChaCha20-Poly1305 Encryption ADR","https://github.com/btcsuite/btcwallet/pull/1171","key-vault-signing-rewrite","defer-post-port"
"1172","sql-wallet-target","MERGED","sql-wallet","init-itest","btcsuite/btcwallet","2352866e84987931f46e52410aa7ad30cf1db298","yyforyongyu","itest: implement `lnd` style itest framework","https://github.com/btcsuite/btcwallet/pull/1172","test-tooling","salvage-selectively"
"1173","sql-wallet-target","MERGED","sql-wallet","finish-itest-framework","btcsuite/btcwallet","d3c67d46cea5076d3cc35eae4fe896be25d5d7ca","yyforyongyu","Finish itest framework","https://github.com/btcsuite/btcwallet/pull/1173","test-tooling","salvage-selectively"
"1174","sql-wallet-target","MERGED","sql-wallet","fix-flaky-pruned-block-test","yyforyongyu/btcwallet","f907857ce1d1d1e168b65b8ec81e7c42674a0312","yyforyongyu","chain: fix flaky `TestPrunedBlockDispatcherQuerySameBlock`","https://github.com/btcsuite/btcwallet/pull/1174","test-tooling","salvage-selectively"
"1181","sql-wallet-target","CLOSED","sql-wallet","test-ccc","btcsuite/btcwallet","87609b1d4ed02e37c2eb86480ab7584862d801bf","yyforyongyu","wallet: modernize architecture with interfaces, syncer, SQL store, and integration tests","https://github.com/btcsuite/btcwallet/pull/1181","superseded-work","source-only"
"1182","sql-wallet-target","MERGED","sql-wallet","sqldb/add-db-constructor","GustavoStingelin/btcwallet","6e8bb48c19374c513cc1e7742ad6de8323a76651","GustavoStingelin","wallet: add real db constructors out of itest","https://github.com/btcsuite/btcwallet/pull/1182","sql-foundation","salvage-now"
"1185","sql-wallet-target","MERGED","sql-wallet","adr-0006-wtxmgr-sql","yyforyongyu/btcwallet","35b29f0f74ae11fd85e3b8767a0ad8853a208a8e","yyforyongyu","wallet: introduce SQL schema and queries for txs and UTXOs","https://github.com/btcsuite/btcwallet/pull/1185","sql-foundation","salvage-now"
"1186","sql-wallet-target","MERGED","sql-wallet","adr-0006-impl","btcsuite/btcwallet","bf5af73b31e45ee8005f0f51cbfc8a5e61cc1e85","yyforyongyu","wallet: add SQL tx stores","https://github.com/btcsuite/btcwallet/pull/1186","reusable-semantic-fix","salvage-after-parity-review"
"1187","sql-wallet-target","MERGED","sql-wallet","adr-0006-enhance","btcsuite/btcwallet","b24e1f56bc5ad03a3d5bbb32b49855b78e19f28e","yyforyongyu","wallet: add SQL tx replacement and invalidation flows","https://github.com/btcsuite/btcwallet/pull/1187","reusable-semantic-fix","salvage-after-parity-review"
"1188","sql-wallet-target","MERGED","sql-wallet","wallet-runtime-id","yyforyongyu/btcwallet","183637bdaab2cdf6ee6d7171967b298a036d4881","yyforyongyu","Finalize wallet manager's `WalletID`","https://github.com/btcsuite/btcwallet/pull/1188","wallet-routing","rework-behind-current-api"
"1189","sql-wallet-target","MERGED","sql-wallet","sqldb/add-pagination","GustavoStingelin/btcwallet","2aac1d0fb9b0e5e8f5cf3f490cc99ec07e8e6fcb","GustavoStingelin","wallet: implement store pagination","https://github.com/btcsuite/btcwallet/pull/1189","reusable-semantic-fix","salvage-after-parity-review"
"1190","sql-wallet-target","MERGED","sql-wallet","fix-tidy-module","yyforyongyu/btcwallet","8e63058e71344eee4d03448802250d53d7587861","yyforyongyu","Fix `make tidy-module`","https://github.com/btcsuite/btcwallet/pull/1190","test-tooling","salvage-selectively"
"1192","sql-wallet-target","MERGED","sql-wallet","sqldb/fix-sql-store-pg-out-of-connections","GustavoStingelin/btcwallet","905e80049cf5b4d3f70bf4e2169d1d59fef73622","GustavoStingelin","wallet: fix pg itest connection exhaustion under parallelism","https://github.com/btcsuite/btcwallet/pull/1192","test-tooling","salvage-selectively"
"1193","sql-wallet-target","MERGED","sql-wallet","adr-0006-utxo","yyforyongyu/btcwallet","98ca8b3353dc1c5eed093545c3f43e1f089d198c","yyforyongyu","wallet: add SQL UTXO store","https://github.com/btcsuite/btcwallet/pull/1193","reusable-semantic-fix","salvage-after-parity-review"
"1195","sql-wallet-target","MERGED","sql-wallet","sql-wallet-bitcoind-startup-fix","yyforyongyu/btcwallet","4e08c92591ba66678a7481cbdf5a80d33018a9bf","yyforyongyu","bwtest: wait for miner p2p readiness","https://github.com/btcsuite/btcwallet/pull/1195","test-tooling","salvage-selectively"
"1196","sql-wallet-target","MERGED","sql-wallet","adr-0006-tests","yyforyongyu/btcwallet","9d276992e702c1c2e1ecb2323c8abf1b199167e0","yyforyongyu","wallet: add tx and utxo store coverage","https://github.com/btcsuite/btcwallet/pull/1196","reusable-semantic-fix","salvage-after-parity-review"
"1197","sql-wallet-target","MERGED","sql-wallet","adr-0006-impl-prep","btcsuite/btcwallet","2249a7e85baeb2ebb1741512b7411d6a7b67cac1","yyforyongyu","Update `TxStore` interface and add missing queries","https://github.com/btcsuite/btcwallet/pull/1197","reusable-semantic-fix","salvage-after-parity-review"
"1198","sql-wallet-target","MERGED","sql-wallet","sqldb/refactor-test-testing-the-name","GustavoStingelin/btcwallet","538178c93d384f3418b471dcc1890a00e2b80a45","GustavoStingelin","wallet: refactor itest testing his name","https://github.com/btcsuite/btcwallet/pull/1198","test-tooling","salvage-selectively"
"1199","sql-wallet-target","MERGED","sql-wallet","sql-wallet-pg-max-conns","yyforyongyu/btcwallet","21902c0ad08c9dc1da4cb56fd2638d6ed4c93a34","yyforyongyu","wallet: simplify postgres itest headroom and add repo guide","https://github.com/btcsuite/btcwallet/pull/1199","test-tooling","salvage-selectively"
"1200","sql-wallet-target","MERGED","sql-wallet","handle-sql-error","yyforyongyu/btcwallet","22bc8f1f90e06c23f196d8592f8235da0cb79454","yyforyongyu","wallet+db: handle SQL backend errors","https://github.com/btcsuite/btcwallet/pull/1200","reusable-semantic-fix","salvage-after-parity-review"
"1201","sql-wallet-target","MERGED","sql-wallet","impl-tx-writer-store","btcsuite/btcwallet","5082b49833d798c2898789341238f691521a3038","yyforyongyu","wallet: migrate LabelTx to db.Store","https://github.com/btcsuite/btcwallet/pull/1201","wallet-routing","rework-behind-current-api"
"1202","sql-wallet-target","MERGED","sql-wallet","impl-tx-reader-store","btcsuite/btcwallet","ccbf93d492f9e38fddd3197cc799e6286c49be94","yyforyongyu","wallet: migrate tx reader to db.Store","https://github.com/btcsuite/btcwallet/pull/1202","wallet-routing","rework-behind-current-api"
"1204","sql-wallet-target","MERGED","sql-wallet","prep-address-manager-store","yyforyongyu/btcwallet","51a887da4a14699b004c39fba01c892cbf5fcd2b","yyforyongyu","Prep address manager for store migration","https://github.com/btcsuite/btcwallet/pull/1204","wallet-routing","rework-behind-current-api"
"1206","sql-wallet-target","MERGED","sql-wallet","sqldb/improve-tests","GustavoStingelin/btcwallet","906f26e3dbb53bfe4211acd87398014dee7df518","GustavoStingelin","wallet: improve concurrent itests","https://github.com/btcsuite/btcwallet/pull/1206","test-tooling","salvage-selectively"
"1208","sql-wallet-target","MERGED","sql-wallet","pagination-api-cleanup","yyforyongyu/btcwallet","55bfe56fc72c2b14c6967a7400b0889f7daddee4","yyforyongyu","wallet: simplify pagination api","https://github.com/btcsuite/btcwallet/pull/1208","reusable-semantic-fix","salvage-after-parity-review"
"1209","sql-wallet-target","MERGED","sql-wallet","fix-1194-split-files","yyforyongyu/btcwallet","732b5116c33e9d2e9819aadb1e70dc22b522d863","yyforyongyu","db: split backend packages and SQL assets","https://github.com/btcsuite/btcwallet/pull/1209","reusable-semantic-fix","salvage-after-parity-review"
"1210","sql-wallet-target","MERGED","sql-wallet","sqldb/fix-missing-drop-stmt","GustavoStingelin/btcwallet","51769a5f72ddec06739ca200d15fef3170943c71","GustavoStingelin","wallet: fix missing drop statements","https://github.com/btcsuite/btcwallet/pull/1210","reusable-semantic-fix","salvage-after-parity-review"
"1211","sql-wallet-target","MERGED","sql-wallet","prep-kvdb-deprecate","btcsuite/btcwallet","7bf8f6439198da39da9b15189b250b44cc7c5036","yyforyongyu","wallet: move legacy helpers to deprecated","https://github.com/btcsuite/btcwallet/pull/1211","public-refactor","defer-post-port"
"1212","sql-wallet-target","MERGED","sql-wallet","apply-sql-err","yyforyongyu/btcwallet","0bdd33fb3a69f9e38dffb0d72a1299984c9f4075","yyforyongyu","db: apply runtime read/write helpers","https://github.com/btcsuite/btcwallet/pull/1212","reusable-semantic-fix","salvage-after-parity-review"
"1214","sql-wallet-target","MERGED","sql-wallet","impl-address-manager-store","yyforyongyu/btcwallet","d95c32b5d69b1f4f0a49c6732a793371d326697a","yyforyongyu","wallet: migrate address manager to db.Store","https://github.com/btcsuite/btcwallet/pull/1214","wallet-routing","rework-behind-current-api"
"1216","sql-wallet-target","MERGED","sql-wallet","sqldb/cleanup-import-aliases","GustavoStingelin/btcwallet","bbf491fe59db25ba54311bdadd12726be753ddaa","GustavoStingelin","wallet: cleanup import aliases","https://github.com/btcsuite/btcwallet/pull/1216","test-tooling","salvage-selectively"
"1217","sql-wallet-target","MERGED","sql-wallet","sql-wallet-bitcoind-v1-transport","yyforyongyu/btcwallet","b9afec3ab0430964a6971ffa147a4fb935f4d50d","yyforyongyu","bwtest: pin bitcoind to v1 transport","https://github.com/btcsuite/btcwallet/pull/1217","test-tooling","salvage-selectively"
"1219","sql-wallet-target","MERGED","sql-wallet","sqldb/tight-script-pub-to-wallet","GustavoStingelin/btcwallet","143115471dea4859c76498df982a1d6cf3a7627b","GustavoStingelin","wallet: make address scripts unique per wallet","https://github.com/btcsuite/btcwallet/pull/1219","reusable-semantic-fix","salvage-after-parity-review"
"1220","sql-wallet-target","MERGED","sql-wallet","sqldb/guard-nil-derived-callbacks","GustavoStingelin/btcwallet","5da07a299fa19bbb76aee1b7461b89b3ba6db71a","GustavoStingelin","wallet: guard nil derived address callbacks","https://github.com/btcsuite/btcwallet/pull/1220","reusable-semantic-fix","salvage-after-parity-review"
"1221","sql-wallet-target","MERGED","sql-wallet","sqldb/fix-watchonly-ambiguity","btcsuite/btcwallet","32db8e2a91e11403e97eb83a412296835ce8f6ec","GustavoStingelin","wallet: disambiguates watch-only","https://github.com/btcsuite/btcwallet/pull/1221","reusable-semantic-fix","salvage-after-parity-review"
"1222","sql-wallet-target","MERGED","sql-wallet","sqldb/watchonly-trigger-validation","btcsuite/btcwallet","1a31adb0803613b180191566c67ed0c4f73607ed","GustavoStingelin","wallet: enforce watch-only invariants in sql","https://github.com/btcsuite/btcwallet/pull/1222","reusable-semantic-fix","salvage-after-parity-review"
"1223","sql-wallet-target","MERGED","sql-wallet","complete-tx-store","btcsuite/btcwallet","fe5309c386c5d932104ad48d967addee9b80dcfe","yyforyongyu","db: add SQL tx detail reads","https://github.com/btcsuite/btcwallet/pull/1223","reusable-semantic-fix","salvage-after-parity-review"
"1224","sql-wallet-target","MERGED","sql-wallet","sqldb/remove-public-field-encryption","btcsuite/btcwallet","b30de899e4d4655220ae6992f5f839887f12cd9a","GustavoStingelin","wallet: store public key in plaintext","https://github.com/btcsuite/btcwallet/pull/1224","key-vault-signing-rewrite","defer-post-port"
"1225","sql-wallet-target","MERGED","sql-wallet","sqldb/remove-pg-advisory-lock","btcsuite/btcwallet","edda440dae9f30da7f2d12d93921019479c6ed3b","GustavoStingelin","wallet: replace advisory lock with persisted account counter","https://github.com/btcsuite/btcwallet/pull/1225","reusable-semantic-fix","salvage-after-parity-review"
"1227","sql-wallet-target","MERGED","sql-wallet","lint-itest-variants","yyforyongyu/btcwallet","187ac566a6c28bc9594254edce2f8514276d7cdf","yyforyongyu","build: lint tagged itest variants","https://github.com/btcsuite/btcwallet/pull/1227","test-tooling","salvage-selectively"
"1228","sql-wallet-target","MERGED","sql-wallet","pre-kvdb-impl","yyforyongyu/btcwallet","82699f69c7ec8fcd088fd2fddd10044019460a5f","yyforyongyu","db: prepare kvdb store routing","https://github.com/btcsuite/btcwallet/pull/1228","wallet-routing","rework-behind-current-api"
"1229","sql-wallet-target","MERGED","sql-wallet","impl-wallet-metadata-store","btcsuite/btcwallet","3af7480114f05e6dfac319f90be692f8849793f7","yyforyongyu","wallet: migrate wallet metadata to db.Store","https://github.com/btcsuite/btcwallet/pull/1229","wallet-routing","rework-behind-current-api"
"1230","sql-wallet-target","MERGED","sql-wallet","impl-tx-creator-store","btcsuite/btcwallet","bacd9e9281efbae549a42bf78e7f4023b255658f","yyforyongyu","wallet: migrate tx creator + tx publisher to db.Store","https://github.com/btcsuite/btcwallet/pull/1230","wallet-routing","rework-behind-current-api"
"1231","sql-wallet-target","MERGED","sql-wallet","prep-account-manager-store","yyforyongyu/btcwallet","ab09ee38bebf692267e140db4b5583be76af1dbc","yyforyongyu","wallet+db+waddrmgr: prep for account-manager Store routing","https://github.com/btcsuite/btcwallet/pull/1231","wallet-routing","rework-behind-current-api"
"1232","sql-wallet-target","MERGED","sql-wallet","prep-account-balance","btcsuite/btcwallet","abd30f332454988b102d7f0740ad16ad605950a1","yyforyongyu","db: populate AccountInfo balance with SkipBalance opt-out","https://github.com/btcsuite/btcwallet/pull/1232","reusable-semantic-fix","salvage-after-parity-review"
"1233","sql-wallet-target","MERGED","sql-wallet","sqldb/fix-custom-mock-usage","btcsuite/btcwallet","8e11aa6f8346412d08e701e55b065f87200d7bc9","GustavoStingelin","multi: use testify mock for derived account ops tests and docs","https://github.com/btcsuite/btcwallet/pull/1233","test-tooling","salvage-selectively"
"1237","sql-wallet-target","MERGED","sql-wallet","prep-address-manager-store","yyforyongyu/btcwallet","7da310680dd3853de22410d4d4983eb28881c6e0","yyforyongyu","wallet+db+waddrmgr: prep for address-manager Store routing","https://github.com/btcsuite/btcwallet/pull/1237","wallet-routing","rework-behind-current-api"
"1238","sql-wallet-target","MERGED","sql-wallet","impl-utxo-kvdb","yyforyongyu/btcwallet","63fb6f7d56d4f9f5b6e80f72236073d48e045cbb","yyforyongyu","wallet: migrate UTXO store + lease ops to db.Store","https://github.com/btcsuite/btcwallet/pull/1238","wallet-routing","rework-behind-current-api"
"1239","sql-wallet-target","MERGED","sql-wallet","impl-account-manager-store","yyforyongyu/btcwallet","f370e3b2105589592b3331ed1bbc54aa50a04e8b","yyforyongyu","wallet: route account manager through Store + finish kvdb writes","https://github.com/btcsuite/btcwallet/pull/1239","wallet-routing","rework-behind-current-api"
"1240","sql-wallet-target","MERGED","sql-wallet","prep-account-store","yyforyongyu/btcwallet","34fcee893a05d1ae47b4d7eedfb6be37d557cbc4","yyforyongyu","prep: foundation for the account-store routing (db.AccountInfo surface, fingerprint cache, Name filter)","https://github.com/btcsuite/btcwallet/pull/1240","wallet-routing","rework-behind-current-api"
"1241","sql-wallet-target","CLOSED","sql-wallet","derived-account-fingerprint-ssot","yyforyongyu/btcwallet","099a2e49224d4719b9af15d8b21c52e293747440","yyforyongyu","db: derive derived-account master fingerprint from wallet record","https://github.com/btcsuite/btcwallet/pull/1241","reusable-semantic-fix","salvage-after-parity-review"
"1242","sql-wallet-target","MERGED","sql-wallet","sqldb/wallet-ops","btcsuite/btcwallet","2f532658ffa437d87ee29cbc2cc84db0205ba3aa","GustavoStingelin","wallet: add wallet secrets read ","https://github.com/btcsuite/btcwallet/pull/1242","key-vault-signing-rewrite","defer-post-port"
"1243","sql-wallet-target","MERGED","sql-wallet","impl-address-manager-store-2","btcsuite/btcwallet","aeb557f71a4a908562296ec8d812d4ecb00f9be8","yyforyongyu","wallet: migrate address-store read path + signer derivation","https://github.com/btcsuite/btcwallet/pull/1243","wallet-routing","rework-behind-current-api"
"1244","sql-wallet-target","OPEN","sql-wallet","sqldb/ll-linter","btcsuite/btcwallet","1b021a4dc63cdfda7dcab9405a918214dddf45f6","GustavoStingelin","wip: setup ll linter","https://github.com/btcsuite/btcwallet/pull/1244","test-tooling","salvage-selectively"
"1245","sql-wallet-target","MERGED","sql-wallet","bwtest-mock-cleanup","yyforyongyu/btcwallet","2b1f49810e5442e675720136f738d41429c0265a","yyforyongyu","wallet: consolidate testify mocks into bwtest/mock","https://github.com/btcsuite/btcwallet/pull/1245","test-tooling","salvage-selectively"
"1246","sql-wallet-target","MERGED","sql-wallet","enforce-wallet-level-watch-only","yyforyongyu/btcwallet","a88be3f6c1aea4aeb1400b20c1be4be09413a227","yyforyongyu","wallet: enforce wallet-level watch-only invariant (ADR 0012)","https://github.com/btcsuite/btcwallet/pull/1246","reusable-semantic-fix","salvage-after-parity-review"
"1247","sql-wallet-target","MERGED","sql-wallet","prep-utxo-enrichment","yyforyongyu/btcwallet","0933021f7b5d9d271cf158ecb9c5e5f527365cfc","yyforyongyu","db+sql: enrich UtxoInfo + scoped AccountName filter on ListUtxosQuery","https://github.com/btcsuite/btcwallet/pull/1247","reusable-semantic-fix","salvage-after-parity-review"
"1248","sql-wallet-target","MERGED","sql-wallet","impl-tx-publisher-store","yyforyongyu/btcwallet","887648eeeab68291459a675aaba31737407b5f61","yyforyongyu","wallet: route tx publisher + tx-store writes through Store","https://github.com/btcsuite/btcwallet/pull/1248","wallet-routing","rework-behind-current-api"
"1252","sql-wallet-target","MERGED","sql-wallet","sqldb/agents-md","btcsuite/btcwallet","0f554861cdc4620d478c7d34579586afc3e23878","GustavoStingelin","wallet+AGENTS.md: add agent guidance for wallet subsystems","https://github.com/btcsuite/btcwallet/pull/1252","test-tooling","salvage-selectively"
"1253","sql-wallet-target","MERGED","sql-wallet","sqldb/account-ops","btcsuite/btcwallet","668d84a7a54b1a90256128fc8c1d2bf9a6356713","GustavoStingelin","wallet: add account ops workflow","https://github.com/btcsuite/btcwallet/pull/1253","wallet-routing","rework-behind-current-api"
"1254","sql-wallet-target","CLOSED","sql-wallet","impl-signer-account-secret","btcsuite/btcwallet","b0f6271bfaee087be5e151981287936eaeaf12f6","yyforyongyu","wallet: SQL-only signer account-secret fallback","https://github.com/btcsuite/btcwallet/pull/1254","key-vault-signing-rewrite","defer-post-port"
"1256","sql-wallet-target","MERGED","sql-wallet","impl-runtime-store","btcsuite/btcwallet","1e0ec3d29ba95ebd313a7c0dec8133fe1991d3fe","yyforyongyu","db: implement the ApplyScanBatch scan engine","https://github.com/btcsuite/btcwallet/pull/1256","reusable-semantic-fix","salvage-after-parity-review"
"1257","sql-wallet-target","MERGED","sql-wallet","impl-runtime-store-2","btcsuite/btcwallet","7e1ac7570d099e8985aec00d77ee3383c0a1cadb","yyforyongyu","db: cover ApplyScanBatch conformance and RollbackToBlock atomicity","https://github.com/btcsuite/btcwallet/pull/1257","reusable-semantic-fix","salvage-after-parity-review"
"1258","sql-wallet-target","OPEN","sql-wallet","impl-runtime-store-3","btcsuite/btcwallet","a6c0cd224432140c17207f98558473900b230c31","yyforyongyu","wallet: route runtime startup, sync-tip, and rewind through the Store","https://github.com/btcsuite/btcwallet/pull/1258","runtime-rewrite","defer-post-port"
"1260","sql-wallet-target","MERGED","sql-wallet","sqldb/account-ops-split-files","btcsuite/btcwallet","d4bcd4f6115bc46e5e57fba03ea1cb21a4a45978","GustavoStingelin","wallet: split account methods in multiple files","https://github.com/btcsuite/btcwallet/pull/1260","public-refactor","defer-post-port"
"1261","sql-wallet-target","MERGED","sql-wallet","sqldb/account-ops-split-files-readd-lost-test","btcsuite/btcwallet","cadef592056ec1eeed859301af9703221673b03d","GustavoStingelin","wallet: readd create max account number itest","https://github.com/btcsuite/btcwallet/pull/1261","test-tooling","salvage-selectively"
"1262","sql-wallet-target","MERGED","sql-wallet","prep-runtime-1","btcsuite/btcwallet","7755da1d9407fc0b716d666161d0cb92b3e22a43","yyforyongyu","db: add synced-block, watched-output, and tx-batch Store methods","https://github.com/btcsuite/btcwallet/pull/1262","reusable-semantic-fix","salvage-after-parity-review"
"1263","sql-wallet-target","MERGED","sql-wallet","prep-runtime-2","btcsuite/btcwallet","e6e1f7f5abdf3d3aef7731d661e8684cd2082baa","yyforyongyu","db+waddrmgr: add scan-batch scaffolding and rollback support","https://github.com/btcsuite/btcwallet/pull/1263","reusable-semantic-fix","salvage-after-parity-review"
"1265","sql-wallet-target","MERGED","sql-wallet","sqldb/def-keyvault-lifecycle","btcsuite/btcwallet","4d7171ee9dc93668eb7fae8fec72a874b8477e83","GustavoStingelin","multi: add keyvault lifecycle boundary","https://github.com/btcsuite/btcwallet/pull/1265","key-vault-signing-rewrite","defer-post-port"
"1267","sql-wallet-target","MERGED","sql-wallet","review-base-fixes","btcsuite/btcwallet","64b514c0abc5fe8dcfaaf4f01bf63358fb19d46b","yyforyongyu","wallet+db: fix SQL-wallet review issues","https://github.com/btcsuite/btcwallet/pull/1267","reusable-semantic-fix","salvage-after-parity-review"
"1268","sql-wallet-target","MERGED","sql-wallet","fix-import-schema","btcsuite/btcwallet","8b5f6fc1212f486f426bc3e41eac064055f2ae00","yyforyongyu","wallet+db: normalize account address identity","https://github.com/btcsuite/btcwallet/pull/1268","reusable-semantic-fix","salvage-after-parity-review"
"1269","sql-wallet-target","MERGED","sql-wallet","prep-runtime-3","btcsuite/btcwallet","e18b96350ca7841543a724d35eb18257807a65cf","yyforyongyu","db+waddrmgr: add scan-horizon scaffolding and rollback eviction","https://github.com/btcsuite/btcwallet/pull/1269","reusable-semantic-fix","salvage-after-parity-review"
"1273","sql-wallet-target","MERGED","sql-wallet","sqldb/impl-keyvault-lifecycle","btcsuite/btcwallet","328e4283647ca3206a1f878b35c3ff7ca22f16d6","GustavoStingelin","wallet: impl keyvault lifecycle","https://github.com/btcsuite/btcwallet/pull/1273","key-vault-signing-rewrite","defer-post-port"
"1277","sql-wallet-target","MERGED","sql-wallet","sql-wallet-address-dbops","Abdulkbk/btcwallet","ee35b882c8e42865304c50b62497446c9933bcc3","Abdulkbk","db: align SQL address store with the db-ops interface style","https://github.com/btcsuite/btcwallet/pull/1277","reusable-semantic-fix","salvage-after-parity-review"
"1279","sql-wallet-target","OPEN","sql-wallet","sqldb/add-keyvault-sig-interface","btcsuite/btcwallet","96241f0a22ab2c34bd0f767b67108317fe760417","GustavoStingelin","wallet: add sign methods to vault interface","https://github.com/btcsuite/btcwallet/pull/1279","key-vault-signing-rewrite","defer-post-port"
"1203","intermediate-feeder","CLOSED","impl-utxo-kvdb","impl-utxo-manager-store","yyforyongyu/btcwallet","ff194fe47833d15bb5af5829f1d9eedb9ee04c4e","yyforyongyu","wallet: migrate utxo manager to db.Store (superseded by #1238)","https://github.com/btcsuite/btcwallet/pull/1203","superseded-work","source-only"
"1215","intermediate-feeder","MERGED","impl-account-kvdb","impl-account-manager-store","yyforyongyu/btcwallet","fd78be7146c417638cc5a71e365b54a813cdaa4d","yyforyongyu","wallet: migrate account manager to db.Store","https://github.com/btcsuite/btcwallet/pull/1215","wallet-routing","rework-behind-current-api"
"1218","intermediate-feeder","CLOSED","impl-utxo-manager-store","impl-signer-store","yyforyongyu/btcwallet","0f20fd4e26c780d750fee8537f288325223bc18a","yyforyongyu","wallet: migrate signer to db.Store (superseded by #1243)","https://github.com/btcsuite/btcwallet/pull/1218","superseded-work","source-only"
"1236","intermediate-feeder","MERGED","prep-account-store","impl-account-kvdb","yyforyongyu/btcwallet","2df598bb0c85d7424c5f06445e85db3c5ae51f74","yyforyongyu","kvdb: implement account-store reads + creators","https://github.com/btcsuite/btcwallet/pull/1236","wallet-routing","rework-behind-current-api"
"1249","intermediate-feeder","CLOSED","impl-wallet-metadata-store","impl-signer-account-secret","yyforyongyu/btcwallet","096afea648014a20874511ff522e5b559a7bcd32","yyforyongyu","wallet: SQL-only signer account-secret fallback","https://github.com/btcsuite/btcwallet/pull/1249","key-vault-signing-rewrite","defer-post-port"
"1255","intermediate-feeder","MERGED","impl-tx-publisher-store","impl-psbt-store","btcsuite/btcwallet","8cca7b619b00fe0ad2b8d37f6b9d6d34fbcb9f52","yyforyongyu","wallet: route PSBT funding through the Store","https://github.com/btcsuite/btcwallet/pull/1255","wallet-routing","rework-behind-current-api"
"1270","intermediate-feeder","OPEN","impl-runtime-store-3","impl-runtime-store-4","btcsuite/btcwallet","c0739daa0daf0c3f09fb78ee7bb53e8fc3b95395","yyforyongyu","wallet: route chain-scan writes and load scan data through the Store","https://github.com/btcsuite/btcwallet/pull/1270","runtime-rewrite","defer-post-port"
"1271","intermediate-feeder","OPEN","impl-runtime-store-4","impl-runtime-store-5","btcsuite/btcwallet","2ea76dfc5e85acf84014a21e4813cb23945250fa","yyforyongyu","wallet: resolve targeted rescan by identity and make the syncer Store-mandatory","https://github.com/btcsuite/btcwallet/pull/1271","runtime-rewrite","defer-post-port"
"1272","intermediate-feeder","OPEN","impl-runtime-store-5","impl-secret-store","btcsuite/btcwallet","47a70528f4734c2751c07e906bcb143d80ceb0f1","yyforyongyu","wallet+db: add GetAccountSecret Store surface and keyvault routing","https://github.com/btcsuite/btcwallet/pull/1272","key-vault-signing-rewrite","defer-post-port"
"1083","master-umbrella","OPEN","master","interface-wallet","btcsuite/btcwallet","78ac6aeb02d27592ae40c2b2c71d887a6089de4f","yyforyongyu","Introduce Role-based interfaces for wallet","https://github.com/btcsuite/btcwallet/pull/1083","superseded-work","source-only"
